[
  {
    "name": "Python",
    "definition": "A high-level programming language.",
    "related_terms": [
      "Interpreter",
      "Dynamic Typing"
    ],
    "source": "official docs"
  },
  {
    "name": "List",
    "definition": "An ordered, mutable collection.",
    "related_terms": [
      "Tuple",
      "Array"
    ],
    "source": "python.org"
  },
  {
    "name": "Tuple",
    "definition": "An ordered, immutable collection.",
    "related_terms": [
      "List"
    ],
    "source": "python.org"
  },
  {
    "name": "Dictionary",
    "definition": "A key-value mapping collection.",
    "related_terms": [
      "JSON",
      "HashMap"
    ],
    "source": "python.org"
  },
  {
    "name": "Function",
    "definition": "A reusable block of code.",
    "related_terms": [
      "Lambda",
      "Def"
    ],
    "source": "docs.python.org"
  },
  {
    "name": "Lambda",
    "definition": "An anonymous function in Python.",
    "related_terms": [
      "Function"
    ],
    "source": "docs.python.org"
  },
  {
    "name": "Decorator",
    "definition": "A function that modifies another function.",
    "related_terms": [
      "Wrapper",
      "Function"
    ],
    "source": "tutorial"
  },
  {
    "name": "Class",
    "definition": "A blueprint for creating objects.",
    "related_terms": [
      "Object",
      "OOP"
    ],
    "source": "python docs"
  },
  {
    "name": "Exception",
    "definition": "An error that can be handled.",
    "related_terms": [
      "Try",
      "Except"
    ],
    "source": "python.org"
  },
  {
    "name": "List Comprehension",
    "definition": "A concise way to create lists.",
    "related_terms": [
      "Loop",
      "List"
    ],
    "source": "official docs"
  }
]